Gene Id,Cell Line,ecDNA Content,DP Cell Line ID
RAE1,BT474_BREAST,pos,ACH-000927
RAE1,HCC1428_BREAST,neg,ACH-000352
RAE1,UACC893_BREAST,pos,ACH-000554
FBXO17,KLE_ENDOMETRIUM,neg,ACH-000293
FBXO17,NCIH661_LUNG,neg,ACH-000853
FBXO17,NIHOVCAR3_OVARY,neg,ACH-000001
FBXO17,PANC1_PANCREAS,neg,ACH-000164
FBXO17,PATU8988T_PANCREAS,neg,ACH-000023
YTHDF1,UACC893_BREAST,pos,ACH-000554
DDX27,DMS114_LUNG,neg,ACH-000530
SEC61G,BT20_BREAST,neg,ACH-000536
SEC61G,HCC827_LUNG,pos,ACH-000012
SEC61G,HCC827_LUNG,neg,ACH-000012
SEC61G,KYSE450_OESOPHAGUS,neg,ACH-000865
SEC61G,KYSE520_OESOPHAGUS,pos,ACH-000637
SEC61G,NCIH3255_LUNG,pos,ACH-000109
SEC61G,SKCO1_LARGE_INTESTINE,neg,ACH-000400
INTS9,U2OS_BONE,neg,ACH-000364
GJC1,FUOV1_OVARY,pos,ACH-000574
METTL1,CAL851_BREAST,neg,ACH-000857
METTL1,KMS11_HAEMATOPOIETIC_AND_LYMPHOID_TISSUE,neg,ACH-000714
METTL1,NCIH1876_LUNG,neg,ACH-000586
METTL1,OV90_OVARY,neg,ACH-000291
METTL1,SUIT2_PANCREAS,neg,ACH-000652
METTL1,UACC893_BREAST,neg,ACH-000554
FAM72B,U251MG_CENTRAL_NERVOUS_SYSTEM,neg,ACH-000232
NUP107,COV644_OVARY,neg,ACH-000608
NUP107,QGP1_PANCREAS,neg,ACH-000347
EGFR,BT20_BREAST,neg,ACH-000536
EGFR,HCC827_LUNG,pos,ACH-000012
EGFR,HCC827_LUNG,neg,ACH-000012
EGFR,KYSE450_OESOPHAGUS,neg,ACH-000865
EGFR,KYSE520_OESOPHAGUS,pos,ACH-000637
EGFR,NCIH3255_LUNG,pos,ACH-000109
EGFR,SKCO1_LARGE_INTESTINE,neg,ACH-000400
C20orf20,ABC1_LUNG,pos,ACH-000528
C20orf20,HCC1419_BREAST,pos,ACH-000277
C20orf20,KE39_STOMACH,neg,ACH-000507
C20orf20,NCIH520_LUNG,neg,ACH-000395
TPX2,KE39_STOMACH,neg,ACH-000507
KIF2C,CORL24_LUNG,neg,ACH-000382
KIF2C,NCIH520_LUNG,neg,ACH-000395
CDK4,KMS11_HAEMATOPOIETIC_AND_LYMPHOID_TISSUE,neg,ACH-000714
CDK4,SUIT2_PANCREAS,neg,ACH-000652
AURKA,BFTC909_KIDNEY,neg,ACH-000792
AURKA,BT474_BREAST,pos,ACH-000927
AURKA,DMS454_LUNG,neg,ACH-000844
AURKA,HCC1428_BREAST,neg,ACH-000352
AURKA,UACC893_BREAST,pos,ACH-000554
TSFM,KMS11_HAEMATOPOIETIC_AND_LYMPHOID_TISSUE,neg,ACH-000714
TSFM,SUIT2_PANCREAS,neg,ACH-000652
FAM72D,NCIH1437_LUNG,neg,ACH-000589
PSMA7,UACC893_BREAST,pos,ACH-000554
SPAG5,CALU6_LUNG,neg,ACH-000264
SPAG5,MFE280_ENDOMETRIUM,neg,ACH-000192
WRN,SKCO1_LARGE_INTESTINE,neg,ACH-000400
TRIP13,EBC1_LUNG,neg,ACH-000563
TRIP13,GI1_CENTRAL_NERVOUS_SYSTEM,pos,ACH-000756
TRIP13,HCC1954_BREAST,pos,ACH-000859
TRIP13,HCC44_LUNG,neg,ACH-000667
TRIP13,NCIH1437_LUNG,pos,ACH-000589
FUT10,8305C_THYROID,pos,ACH-001306
FUT10,SUIT2_PANCREAS,pos,ACH-000652
NCAPH,NCIH23_LUNG,neg,ACH-000900
MAK16,8305C_THYROID,pos,ACH-001306
MAK16,SUIT2_PANCREAS,pos,ACH-000652
PINX1,DANG_PANCREAS,pos,ACH-000243
RAD51,BT474_BREAST,pos,ACH-000927
RAD51,DMS53_LUNG,pos,ACH-000698
RAD51,MCF7_BREAST,pos,ACH-000019
CDCA8,CORL24_LUNG,neg,ACH-000382
CDCA8,NCIH1184_LUNG,pos,ACH-000523
CDCA8,NCIH1836_LUNG,pos,ACH-000559
CDCA8,NCIH2029_LUNG,neg,ACH-000298
CDCA8,NCIH2122_LUNG,pos,ACH-000311
CSTF1,BT474_BREAST,pos,ACH-000927
CSTF1,HCC1428_BREAST,neg,ACH-000352
CSTF1,UACC893_BREAST,pos,ACH-000554
CDC20,CORL24_LUNG,neg,ACH-000382
CDC20,HT1376_URINARY_TRACT,neg,ACH-000724
CDC20,NCIH1869_LUNG,pos,ACH-000894
CDC20,NCIH510_LUNG,pos,ACH-000871
CDC20,SNU119_OVARY,neg,ACH-000635
MRPS17,KYSE520_OESOPHAGUS,pos,ACH-000637
UBXN8,SKCO1_LARGE_INTESTINE,neg,ACH-000400
KPNA2,MDAMB361_BREAST,neg,ACH-000934
KPNA2,MDAMB453_BREAST,neg,ACH-000910
CDC6,CHAGOK1_LUNG,neg,ACH-000867
CDC6,HCC38_BREAST,neg,ACH-000276
CDC6,KARPAS299_HAEMATOPOIETIC_AND_LYMPHOID_TISSUE,neg,ACH-000053
CDC6,LU99_LUNG,pos,ACH-000444
CDC6,NCIH2066_LUNG,neg,ACH-000727
CDC6,NCIH2170_LUNG,pos,ACH-000481
CDC6,OE19_OESOPHAGUS,pos,ACH-000679
CDC6,UACC812_BREAST,pos,ACH-000568
CDC6,UACC893_BREAST,pos,ACH-000554
CCT6A,KYSE520_OESOPHAGUS,pos,ACH-000637
CDC45,A101D_SKIN,neg,ACH-000008
CDC45,HS294T_SKIN,neg,ACH-000014
CDC45,NCIH1693_LUNG,neg,ACH-000021
CDC45,TE1_OESOPHAGUS,neg,ACH-000647
GPR18,59M_OVARY,neg,ACH-000520
GPR18,CALU6_LUNG,pos,ACH-000264
GPR18,GB1_CENTRAL_NERVOUS_SYSTEM,pos,ACH-000738
GPR18,KMS11_HAEMATOPOIETIC_AND_LYMPHOID_TISSUE,neg,ACH-000714
GPR18,SUIT2_PANCREAS,neg,ACH-000652
TTC9,HCC1599_BREAST,neg,ACH-000196
TTC9,KLE_ENDOMETRIUM,neg,ACH-000293
TTC9,NCIH661_LUNG,neg,ACH-000853
TTC9,NIHOVCAR3_OVARY,neg,ACH-000001
TTC9,PANC1_PANCREAS,neg,ACH-000164
MDM2,COV644_OVARY,neg,ACH-000608
MDM2,QGP1_PANCREAS,neg,ACH-000347
KCNRG,UACC812_BREAST,pos,ACH-000568
TSPAN31,HCC827_LUNG,neg,ACH-000012
TSPAN31,KMS11_HAEMATOPOIETIC_AND_LYMPHOID_TISSUE,neg,ACH-000714
TSPAN31,SUIT2_PANCREAS,neg,ACH-000652
KIF13B,SKCO1_LARGE_INTESTINE,neg,ACH-000400
KIF13B,U2OS_BONE,neg,ACH-000364
UCKL1,HCC1419_BREAST,pos,ACH-000277
CCT2,COV644_OVARY,neg,ACH-000608
CCT2,QGP1_PANCREAS,neg,ACH-000347
PFDN4,AU565_BREAST,neg,ACH-000248
PFDN4,BT474_BREAST,pos,ACH-000927
PFDN4,EFM192A_BREAST,pos,ACH-000117
PFDN4,HCC1428_BREAST,neg,ACH-000352
PFDN4,MCF7_BREAST,pos,ACH-000019
PFDN4,SKLU1_LUNG,neg,ACH-000309
PCDH7,MDAMB175VII_BREAST,neg,ACH-000759
ITGB7,KMS11_HAEMATOPOIETIC_AND_LYMPHOID_TISSUE,neg,ACH-000714
AKNA,BT20_BREAST,pos,ACH-000536
AKNA,CAMA1_BREAST,neg,ACH-000783
AKNA,SCABER_URINARY_TRACT,neg,ACH-000839
OS9,HCC827_LUNG,neg,ACH-000012
OS9,KMS11_HAEMATOPOIETIC_AND_LYMPHOID_TISSUE,neg,ACH-000714
OS9,SUIT2_PANCREAS,neg,ACH-000652
CYP27B1,KMS11_HAEMATOPOIETIC_AND_LYMPHOID_TISSUE,neg,ACH-000714
CYP27B1,SUIT2_PANCREAS,neg,ACH-000652
AVIL,KMS11_HAEMATOPOIETIC_AND_LYMPHOID_TISSUE,neg,ACH-000714
AVIL,SUIT2_PANCREAS,neg,ACH-000652
PDRG1,KE39_STOMACH,neg,ACH-000507
PPFIA1,CAMA1_BREAST,pos,ACH-000783
PPFIA1,DETROIT562_UPPER_AERODIGESTIVE_TRACT,neg,ACH-000207
PPFIA1,DMS114_LUNG,pos,ACH-000530
PPFIA1,EFM192A_BREAST,neg,ACH-000117
PPFIA1,ES2_OVARY,pos,ACH-000906
PPFIA1,FADU_UPPER_AERODIGESTIVE_TRACT,neg,ACH-000846
PPFIA1,HCC1500_BREAST,neg,ACH-000349
PPFIA1,HDQP1_BREAST,neg,ACH-000643
PPFIA1,HSC3_UPPER_AERODIGESTIVE_TRACT,neg,ACH-000778
PPFIA1,JHH7_LIVER,pos,ACH-000848
PPFIA1,KU1919_URINARY_TRACT,neg,ACH-000486
PPFIA1,KYSE180_OESOPHAGUS,neg,ACH-000693
PPFIA1,KYSE30_OESOPHAGUS,neg,ACH-000777
PPFIA1,KYSE410_OESOPHAGUS,pos,ACH-000809
PPFIA1,MDAMB175VII_BREAST,pos,ACH-000759
PPFIA1,MDAMB361_BREAST,pos,ACH-000934
PPFIA1,SCC25_UPPER_AERODIGESTIVE_TRACT,neg,ACH-000188
PPFIA1,SCC4_UPPER_AERODIGESTIVE_TRACT,neg,ACH-000238
PPFIA1,SKMEL5_SKIN,neg,ACH-000730
PPFIA1,SNU387_LIVER,neg,ACH-000478
PPFIA1,SNU475_LIVER,pos,ACH-000422
PPFIA1,TE11_OESOPHAGUS,neg,ACH-000488
PPFIA1,VMCUB1_URINARY_TRACT,neg,ACH-000545
HOXC9,CAL120_BREAST,pos,ACH-000212
HOXC9,KMS11_HAEMATOPOIETIC_AND_LYMPHOID_TISSUE,neg,ACH-000714
ESR1,HCC1428_BREAST,neg,ACH-000352
GZMK,SNU119_OVARY,neg,ACH-000635
NUF2,NCIH1876_LUNG,neg,ACH-000586
CENPL,NCIH1876_LUNG,neg,ACH-000586
RSPO1,CORL24_LUNG,neg,ACH-000382
RSPO1,NCIH1184_LUNG,pos,ACH-000523
RSPO1,NCIH2029_LUNG,neg,ACH-000298
MAP6D1,KYSE70_OESOPHAGUS,neg,ACH-000784
TAF4,HCC1569_BREAST,neg,ACH-000930
TAF4,OV90_OVARY,neg,ACH-000291
TAF4,UACC893_BREAST,pos,ACH-000554
CD5,CAMA1_BREAST,neg,ACH-000783
CD5,CHAGOK1_LUNG,neg,ACH-000867
CD5,DANG_PANCREAS,neg,ACH-000243
CD5,DETROIT562_UPPER_AERODIGESTIVE_TRACT,neg,ACH-000207
CD5,HCC1599_BREAST,neg,ACH-000196
CD5,KARPAS299_HAEMATOPOIETIC_AND_LYMPHOID_TISSUE,pos,ACH-000053
CD5,KE39_STOMACH,pos,ACH-000507
CD5,KLE_ENDOMETRIUM,neg,ACH-000293
CD5,KLE_ENDOMETRIUM,neg,ACH-000293
CD5,KMS11_HAEMATOPOIETIC_AND_LYMPHOID_TISSUE,neg,ACH-000714
CD5,MKN1_STOMACH,neg,ACH-000351
CD5,NCIH1876_LUNG,neg,ACH-000586
CD5,NCIH2196_LUNG,neg,ACH-000399
CD5,NCIH2227_LUNG,neg,ACH-000610
CD5,NCIH23_LUNG,neg,ACH-000900
CD5,NCIH661_LUNG,neg,ACH-000853
CD5,NCIH838_LUNG,neg,ACH-000416
CD5,QGP1_PANCREAS,neg,ACH-000347
CD5,RKN_SOFT_TISSUE,neg,ACH-000505
CD5,SNU119_OVARY,neg,ACH-000635
CD5,SNU182_LIVER,neg,ACH-000483
FASLG,NCIH1876_LUNG,neg,ACH-000586
TBC1D10C,DMS114_LUNG,pos,ACH-000530
TBC1D10C,FADU_UPPER_AERODIGESTIVE_TRACT,neg,ACH-000846
TBC1D10C,KU1919_URINARY_TRACT,neg,ACH-000486
TBC1D10C,KYSE180_OESOPHAGUS,neg,ACH-000693
TBC1D10C,MKN7_STOMACH,pos,ACH-000678
TBC1D10C,NCIH1792_LUNG,neg,ACH-000496
TBC1D10C,NCIH1975_LUNG,neg,ACH-000587
TBC1D10C,NCIH23_LUNG,neg,ACH-000900
TBC1D10C,SNU387_LIVER,neg,ACH-000478
TBC1D10C,SNU475_LIVER,pos,ACH-000422
TBC1D10C,VMCUB1_URINARY_TRACT,neg,ACH-000545
IFT52,NCIH650_LUNG,neg,ACH-000945
IFT52,RERFGC1B_STOMACH,pos,ACH-000144
GTF2E2,SKCO1_LARGE_INTESTINE,neg,ACH-000400
YEATS4,COV644_OVARY,neg,ACH-000608
YEATS4,QGP1_PANCREAS,neg,ACH-000347
TTC7B,FADU_UPPER_AERODIGESTIVE_TRACT,neg,ACH-000846
GSR,SKCO1_LARGE_INTESTINE,neg,ACH-000400
USP54,EFM19_BREAST,pos,ACH-000330
USP54,HCC2157_BREAST,neg,ACH-000691
C5orf34,CHAGOK1_LUNG,neg,ACH-000867
C5orf34,NCIH2066_LUNG,pos,ACH-000727
MAD2L1,HCC1569_BREAST,neg,ACH-000930
MAD2L1,OE19_OESOPHAGUS,neg,ACH-000679
MRPL36,EBC1_LUNG,neg,ACH-000563
MRPL36,GI1_CENTRAL_NERVOUS_SYSTEM,pos,ACH-000756
MRPL36,HCC1954_BREAST,pos,ACH-000859
MRPL36,NCIH1437_LUNG,pos,ACH-000589
TRIM8,EFM19_BREAST,pos,ACH-000330
DDIT3,KMS11_HAEMATOPOIETIC_AND_LYMPHOID_TISSUE,neg,ACH-000714
DDIT3,SUIT2_PANCREAS,neg,ACH-000652
HOXC8,CAL120_BREAST,pos,ACH-000212
HOXC8,KMS11_HAEMATOPOIETIC_AND_LYMPHOID_TISSUE,neg,ACH-000714
CLIC5,HCC1569_BREAST,neg,ACH-000930
ERAL1,KYSE410_OESOPHAGUS,pos,ACH-000809
ERAL1,MFE280_ENDOMETRIUM,neg,ACH-000192
LTB,FADU_UPPER_AERODIGESTIVE_TRACT,neg,ACH-000846
LTB,HCC1599_BREAST,neg,ACH-000196
LTB,HEPG2_LIVER,neg,ACH-000739
LTB,KLE_ENDOMETRIUM,neg,ACH-000293
LTB,NCIH2171_LUNG,pos,ACH-000525
LTB,PC14_LUNG,neg,ACH-000030
LTB,SNU119_OVARY,neg,ACH-000635
LTB,UACC893_BREAST,neg,ACH-000554
NAT1,CORL88_LUNG,neg,ACH-000508
NAT1,DETROIT562_UPPER_AERODIGESTIVE_TRACT,neg,ACH-000207
NAT1,EBC1_LUNG,pos,ACH-000563
NAT1,EFM19_BREAST,neg,ACH-000330
NAT1,FU97_STOMACH,neg,ACH-000633
NAT1,SCC4_UPPER_AERODIGESTIVE_TRACT,neg,ACH-000238
SLC35E3,COV644_OVARY,neg,ACH-000608
SLC35E3,QGP1_PANCREAS,neg,ACH-000347
MAD2L2,FU97_STOMACH,neg,ACH-000633
MIPOL1,HEPG2_LIVER,neg,ACH-000739
MIPOL1,NCIH1651_LUNG,neg,ACH-000893
MIPOL1,UACC893_BREAST,neg,ACH-000554
HOXC5,CAL120_BREAST,pos,ACH-000212
HOXC5,KMS11_HAEMATOPOIETIC_AND_LYMPHOID_TISSUE,neg,ACH-000714
RPL3,5637_URINARY_TRACT,pos,ACH-000905
RPL3,DMS53_LUNG,neg,ACH-000698
RPL3,EBC1_LUNG,neg,ACH-000563
RPL3,EBC1_LUNG,neg,ACH-000563
RPL3,EFO21_OVARY,neg,ACH-000308
RPL3,FUOV1_OVARY,pos,ACH-000574
RPL3,GI1_CENTRAL_NERVOUS_SYSTEM,pos,ACH-000756
RPL3,HCC1419_BREAST,pos,ACH-000277
RPL3,HCC1954_BREAST,pos,ACH-000859
RPL3,KU1919_URINARY_TRACT,neg,ACH-000486
RPL3,LC1F_LUNG,neg,ACH-000705
RPL3,MDAMB361_BREAST,neg,ACH-000934
RPL3,MDAMB453_BREAST,neg,ACH-000910
RPL3,NCIH1437_LUNG,pos,ACH-000589
RPL3,NCIH1876_LUNG,neg,ACH-000586
RPL3,NCIH23_LUNG,neg,ACH-000900
RPL3,NCIH510_LUNG,neg,ACH-000871
RPL3,RERFGC1B_STOMACH,neg,ACH-000144
RPL3,SKCO1_LARGE_INTESTINE,neg,ACH-000400
RPL3,SNU119_OVARY,neg,ACH-000635
RPL3,SNU182_LIVER,neg,ACH-000483
ACAP1,NCIH841_LUNG,neg,ACH-000292
MED10,HCC1937_BREAST,neg,ACH-000223
MED10,HDQP1_BREAST,neg,ACH-000643
MED10,PC14_LUNG,neg,ACH-000030
MED10,RMGI_OVARY,pos,ACH-000719
MED10,SNU119_OVARY,neg,ACH-000635
CKS1B,NCIH1437_LUNG,neg,ACH-000589
CKS1B,NCIH23_LUNG,neg,ACH-000900
PNPT1,NCIH1792_LUNG,neg,ACH-000496
PNPT1,UACC893_BREAST,neg,ACH-000554
HOXC4,CAL120_BREAST,pos,ACH-000212
HOXC4,KMS11_HAEMATOPOIETIC_AND_LYMPHOID_TISSUE,neg,ACH-000714
CASP1,CORL311_LUNG,pos,ACH-000187
CASP1,FUOV1_OVARY,neg,ACH-000574
CASP1,HEL9217_HAEMATOPOIETIC_AND_LYMPHOID_TISSUE,neg,ACH-000005
NDC80,KYSE70_OESOPHAGUS,neg,ACH-000784
CD2,5637_URINARY_TRACT,pos,ACH-000905
CD2,BFTC909_KIDNEY,neg,ACH-000792
CD2,CORL311_LUNG,pos,ACH-000187
CD2,EBC1_LUNG,neg,ACH-000563
CD2,FADU_UPPER_AERODIGESTIVE_TRACT,neg,ACH-000846
CD2,FADU_UPPER_AERODIGESTIVE_TRACT,neg,ACH-000846
CD2,FU97_STOMACH,neg,ACH-000633
CD2,HCC1419_BREAST,neg,ACH-000277
CD2,HCC1569_BREAST,neg,ACH-000930
CD2,HCC1599_BREAST,neg,ACH-000196
CD2,HCC1833_LUNG,neg,ACH-000712
CD2,HDQP1_BREAST,neg,ACH-000643
CD2,HEL9217_HAEMATOPOIETIC_AND_LYMPHOID_TISSUE,neg,ACH-000005
CD2,KLE_ENDOMETRIUM,neg,ACH-000293
CD2,KMS11_HAEMATOPOIETIC_AND_LYMPHOID_TISSUE,neg,ACH-000714
CD2,KU1919_URINARY_TRACT,neg,ACH-000486
CD2,MCF7_BREAST,pos,ACH-000019
CD2,MDAMB361_BREAST,neg,ACH-000934
CD2,MDAMB453_BREAST,neg,ACH-000910
CD2,MKN1_STOMACH,neg,ACH-000351
CD2,NCIH1876_LUNG,neg,ACH-000586
CD2,NCIH1930_LUNG,neg,ACH-000870
CD2,NCIH2171_LUNG,pos,ACH-000525
CD2,NCIH2227_LUNG,neg,ACH-000610
CD2,NCIH650_LUNG,neg,ACH-000945
CD2,OCUM1_STOMACH,neg,ACH-000247
CD2,RERFGC1B_STOMACH,neg,ACH-000144
CD2,SNU119_OVARY,neg,ACH-000635
CD2,SNU387_LIVER,neg,ACH-000478
DPM1,BT474_BREAST,pos,ACH-000927
DPM1,DMS114_LUNG,neg,ACH-000530
DPM1,EFM192A_BREAST,pos,ACH-000117
DPM1,HCC1419_BREAST,pos,ACH-000277
RNF114,BT474_BREAST,pos,ACH-000927
RNF114,DMS114_LUNG,neg,ACH-000530
ST6GALNAC1,OVSAHO_OVARY,neg,ACH-000409
ST6GALNAC1,SKCO1_LARGE_INTESTINE,neg,ACH-000400
CTDSP2,KMS11_HAEMATOPOIETIC_AND_LYMPHOID_TISSUE,neg,ACH-000714
CTDSP2,SUIT2_PANCREAS,neg,ACH-000652
FADD,CAMA1_BREAST,pos,ACH-000783
FADD,DETROIT562_UPPER_AERODIGESTIVE_TRACT,neg,ACH-000207
FADD,DMS114_LUNG,pos,ACH-000530
FADD,EFM192A_BREAST,neg,ACH-000117
FADD,ES2_OVARY,pos,ACH-000906
FADD,FADU_UPPER_AERODIGESTIVE_TRACT,neg,ACH-000846
FADD,HCC1500_BREAST,neg,ACH-000349
FADD,HDQP1_BREAST,neg,ACH-000643
FADD,HS746T_STOMACH,neg,ACH-000616
FADD,HSC3_UPPER_AERODIGESTIVE_TRACT,neg,ACH-000778
FADD,JHH7_LIVER,pos,ACH-000848
FADD,KU1919_URINARY_TRACT,neg,ACH-000486
FADD,KYSE180_OESOPHAGUS,neg,ACH-000693
FADD,KYSE30_OESOPHAGUS,neg,ACH-000777
FADD,KYSE410_OESOPHAGUS,pos,ACH-000809
FADD,MDAMB175VII_BREAST,pos,ACH-000759
FADD,MDAMB361_BREAST,pos,ACH-000934
FADD,SCC25_UPPER_AERODIGESTIVE_TRACT,neg,ACH-000188
FADD,SCC4_UPPER_AERODIGESTIVE_TRACT,neg,ACH-000238
FADD,SKMEL5_SKIN,neg,ACH-000730
FADD,SNU387_LIVER,neg,ACH-000478
FADD,SNU475_LIVER,pos,ACH-000422
FADD,TE11_OESOPHAGUS,neg,ACH-000488
FADD,VMCUB1_URINARY_TRACT,neg,ACH-000545
RTEL1,HCC1419_BREAST,pos,ACH-000277
RTEL1,MCF7_BREAST,pos,ACH-000019
CTTN,CAMA1_BREAST,neg,ACH-000783
CTTN,CAMA1_BREAST,pos,ACH-000783
CTTN,DETROIT562_UPPER_AERODIGESTIVE_TRACT,neg,ACH-000207
CTTN,DMS114_LUNG,pos,ACH-000530
CTTN,EBC1_LUNG,neg,ACH-000563
CTTN,EFM192A_BREAST,neg,ACH-000117
CTTN,ES2_OVARY,pos,ACH-000906
CTTN,FADU_UPPER_AERODIGESTIVE_TRACT,neg,ACH-000846
CTTN,HCC1500_BREAST,neg,ACH-000349
CTTN,HDQP1_BREAST,neg,ACH-000643
CTTN,HSC3_UPPER_AERODIGESTIVE_TRACT,neg,ACH-000778
CTTN,JHH7_LIVER,pos,ACH-000848
CTTN,KU1919_URINARY_TRACT,neg,ACH-000486
CTTN,KYSE180_OESOPHAGUS,neg,ACH-000693
CTTN,KYSE30_OESOPHAGUS,neg,ACH-000777
CTTN,KYSE410_OESOPHAGUS,pos,ACH-000809
CTTN,MDAMB175VII_BREAST,pos,ACH-000759
CTTN,MDAMB361_BREAST,pos,ACH-000934
CTTN,MKN45_STOMACH,pos,ACH-000356
CTTN,SCC25_UPPER_AERODIGESTIVE_TRACT,neg,ACH-000188
CTTN,SCC4_UPPER_AERODIGESTIVE_TRACT,neg,ACH-000238
CTTN,SKMEL5_SKIN,neg,ACH-000730
CTTN,SNU119_OVARY,neg,ACH-000635
CTTN,SNU387_LIVER,neg,ACH-000478
CTTN,SNU475_LIVER,pos,ACH-000422
CTTN,TE11_OESOPHAGUS,neg,ACH-000488
CTTN,VMCUB1_URINARY_TRACT,neg,ACH-000545
KIF23,OCUM1_STOMACH,neg,ACH-000247
NPEPL1,BT474_BREAST,pos,ACH-000927
NPEPL1,CHAGOK1_LUNG,neg,ACH-000867
NPEPL1,EFM19_BREAST,neg,ACH-000330
NPEPL1,HCC1419_BREAST,pos,ACH-000277
NPEPL1,HCC1428_BREAST,neg,ACH-000352
NPEPL1,HCC1954_BREAST,pos,ACH-000859
NPEPL1,UACC893_BREAST,pos,ACH-000554
PER2,EBC1_LUNG,neg,ACH-000563
HOXC6,CAL120_BREAST,pos,ACH-000212
HOXC6,KMS11_HAEMATOPOIETIC_AND_LYMPHOID_TISSUE,neg,ACH-000714
BLM,HCC202_BREAST,pos,ACH-000725
BLM,SH10TC_STOMACH,neg,ACH-000764
YWHAB,BT474_BREAST,pos,ACH-000927
PIGR,UACC812_BREAST,pos,ACH-000568
STARD3,BT474_BREAST,pos,ACH-000927
STARD3,EFM192A_BREAST,pos,ACH-000117
STARD3,HCC1419_BREAST,pos,ACH-000277
STARD3,HCC1954_BREAST,neg,ACH-000859
STARD3,HCC202_BREAST,pos,ACH-000725
STARD3,KYSE410_OESOPHAGUS,pos,ACH-000809
STARD3,MDAMB361_BREAST,neg,ACH-000934
STARD3,MDAMB453_BREAST,neg,ACH-000910
STARD3,MFE280_ENDOMETRIUM,pos,ACH-000192
STARD3,MKN7_STOMACH,pos,ACH-000678
STARD3,NCIH1693_LUNG,neg,ACH-000021
STARD3,NCIN87_STOMACH,neg,ACH-000427
STARD3,RMGI_OVARY,neg,ACH-000719
STARD3,SKOV3_OVARY,pos,ACH-000811
STARD3,UACC812_BREAST,pos,ACH-000568
STARD3,UACC893_BREAST,pos,ACH-000554
RAI2,SNU182_LIVER,neg,ACH-000483
UQCC,OAW42_OVARY,neg,ACH-000704
UQCC,OVSAHO_OVARY,neg,ACH-000409
SAE1,KARPAS299_HAEMATOPOIETIC_AND_LYMPHOID_TISSUE,neg,ACH-000053
SPRED2,NCIH1792_LUNG,neg,ACH-000496
RILPL1,NCIH650_LUNG,neg,ACH-000945
PLEKHA2,CAL120_BREAST,pos,ACH-000212
PLEKHA2,CAMA1_BREAST,pos,ACH-000783
PLEKHA2,DMS114_LUNG,pos,ACH-000530
PLEKHA2,DMS53_LUNG,neg,ACH-000698
PTN,KARPAS299_HAEMATOPOIETIC_AND_LYMPHOID_TISSUE,pos,ACH-000053
PTN,KARPAS299_HAEMATOPOIETIC_AND_LYMPHOID_TISSUE,neg,ACH-000053
PTN,KMS11_HAEMATOPOIETIC_AND_LYMPHOID_TISSUE,neg,ACH-000714
PTN,LK2_LUNG,neg,ACH-000769
PTN,NCIH1437_LUNG,neg,ACH-000589
PTN,OCUM1_STOMACH,neg,ACH-000247
FCRL6,KMS11_HAEMATOPOIETIC_AND_LYMPHOID_TISSUE,neg,ACH-000714
FCRL6,NCIH1876_LUNG,neg,ACH-000586
FCRL6,NCIH23_LUNG,neg,ACH-000900
WDR76,EBC1_LUNG,neg,ACH-000563
C20orf85,BT474_BREAST,pos,ACH-000927
C20orf85,CHAGOK1_LUNG,neg,ACH-000867
C20orf85,HCC1428_BREAST,neg,ACH-000352
C20orf85,UACC893_BREAST,pos,ACH-000554
HOXC10,CAL120_BREAST,pos,ACH-000212
HOXC10,KMS11_HAEMATOPOIETIC_AND_LYMPHOID_TISSUE,neg,ACH-000714
EME1,BT474_BREAST,pos,ACH-000927
EME1,C2BBE1_LARGE_INTESTINE,neg,ACH-000009
EME1,HCC1419_BREAST,pos,ACH-000277
TOM1,JHH7_LIVER,neg,ACH-000848
TOM1,RT112_URINARY_TRACT,neg,ACH-000473
TOM1,SNU182_LIVER,pos,ACH-000483
CNDP2,HCC1569_BREAST,neg,ACH-000930
CNDP2,NCIH510_LUNG,pos,ACH-000871
MYBL2,NCIH650_LUNG,neg,ACH-000945
MYBL2,RERFGC1B_STOMACH,pos,ACH-000144
INPP4A,DMS53_LUNG,neg,ACH-000698
HOXC11,KMS11_HAEMATOPOIETIC_AND_LYMPHOID_TISSUE,neg,ACH-000714
ORMDL3,BT474_BREAST,pos,ACH-000927
ORMDL3,EFM192A_BREAST,pos,ACH-000117
ORMDL3,HCC1954_BREAST,neg,ACH-000859
ORMDL3,MDAMB361_BREAST,neg,ACH-000934
ORMDL3,MDAMB453_BREAST,neg,ACH-000910
ORMDL3,MFE280_ENDOMETRIUM,pos,ACH-000192
ORMDL3,NCIH1693_LUNG,neg,ACH-000021
ORMDL3,RMGI_OVARY,neg,ACH-000719
ORMDL3,UACC812_BREAST,pos,ACH-000568
ORMDL3,UACC893_BREAST,pos,ACH-000554
CCDC6,CHAGOK1_LUNG,neg,ACH-000867
CCDC6,HCC38_BREAST,neg,ACH-000276
CCDC6,KARPAS299_HAEMATOPOIETIC_AND_LYMPHOID_TISSUE,neg,ACH-000053
CCDC6,LU99_LUNG,pos,ACH-000444
CCDC6,OE19_OESOPHAGUS,pos,ACH-000679
SCEL,UACC812_BREAST,pos,ACH-000568
DUSP12,NCIH1876_LUNG,neg,ACH-000586
CSE1L,DMS114_LUNG,neg,ACH-000530
IL5RA,HCC38_BREAST,neg,ACH-000276
WDR70,NCIH23_LUNG,neg,ACH-000900
ARMC3,KARPAS299_HAEMATOPOIETIC_AND_LYMPHOID_TISSUE,pos,ACH-000053
IK,BT474_BREAST,pos,ACH-000927
IK,C2BBE1_LARGE_INTESTINE,neg,ACH-000009
IK,CORL88_LUNG,neg,ACH-000508
IK,COV362_OVARY,neg,ACH-000278
IK,DANG_PANCREAS,neg,ACH-000243
IK,DMS454_LUNG,neg,ACH-000844
IK,DMS53_LUNG,neg,ACH-000698
IK,DMS53_LUNG,neg,ACH-000698
IK,EFM192A_BREAST,pos,ACH-000117
IK,FU97_STOMACH,neg,ACH-000633
IK,HCC1419_BREAST,pos,ACH-000277
IK,HCC1569_BREAST,pos,ACH-000930
IK,HCC1954_BREAST,neg,ACH-000859
IK,HCC202_BREAST,pos,ACH-000725
IK,HS746T_STOMACH,pos,ACH-000616
IK,KMS11_HAEMATOPOIETIC_AND_LYMPHOID_TISSUE,neg,ACH-000714
IK,KYSE410_OESOPHAGUS,pos,ACH-000809
IK,KYSE520_OESOPHAGUS,pos,ACH-000637
IK,KYSE70_OESOPHAGUS,neg,ACH-000784
IK,LC1F_LUNG,neg,ACH-000705
IK,MDAMB361_BREAST,neg,ACH-000934
IK,MDAMB453_BREAST,neg,ACH-000910
IK,MDAMB453_BREAST,pos,ACH-000910
IK,MFE280_ENDOMETRIUM,pos,ACH-000192
IK,MFE280_ENDOMETRIUM,pos,ACH-000192
IK,MKN7_STOMACH,pos,ACH-000678
IK,NCIH1693_LUNG,neg,ACH-000021
IK,NCIH2029_LUNG,neg,ACH-000298
IK,NCIH2170_LUNG,neg,ACH-000481
IK,NCIH2170_LUNG,pos,ACH-000481
IK,NCIH2171_LUNG,pos,ACH-000525
IK,NCIH2286_LUNG,neg,ACH-000912
IK,NCIH3255_LUNG,neg,ACH-000109
IK,NCIH3255_LUNG,neg,ACH-000109
IK,NCIH841_LUNG,neg,ACH-000292
IK,NCIN87_STOMACH,neg,ACH-000427
IK,OE19_OESOPHAGUS,pos,ACH-000679
IK,RMGI_OVARY,neg,ACH-000719
IK,SKLMS1_SOFT_TISSUE,neg,ACH-000145
IK,SKMES1_LUNG,neg,ACH-000665
IK,SNU119_OVARY,neg,ACH-000635
IK,SNU119_OVARY,neg,ACH-000635
IK,UACC812_BREAST,pos,ACH-000568
IK,UACC893_BREAST,neg,ACH-000554
IK,UACC893_BREAST,pos,ACH-000554
IK,ZR751_BREAST,pos,ACH-000097
CDK1,BFTC909_KIDNEY,neg,ACH-000792
CDK1,BT474_BREAST,pos,ACH-000927
CDK1,DMS454_LUNG,neg,ACH-000844
CDK1,EBC1_LUNG,neg,ACH-000563
CDK1,EFM192A_BREAST,pos,ACH-000117
CDK1,HCC202_BREAST,pos,ACH-000725
CDK1,HCC202_BREAST,pos,ACH-000725
CDK1,MFE280_ENDOMETRIUM,pos,ACH-000192
CDK1,MKN7_STOMACH,pos,ACH-000678
CDK1,NCIN87_STOMACH,neg,ACH-000427
CDK1,PC3_PROSTATE,neg,ACH-000090
CDK1,RERFGC1B_STOMACH,pos,ACH-000144
CDK1,RMGI_OVARY,neg,ACH-000719
CDK1,SCC4_UPPER_AERODIGESTIVE_TRACT,neg,ACH-000238
CDK1,TE5_OESOPHAGUS,neg,ACH-000408
CDK1,UACC812_BREAST,pos,ACH-000568
CDK1,UACC893_BREAST,pos,ACH-000554
BHLHA15,HS746T_STOMACH,pos,ACH-000616
BHLHA15,SCC4_UPPER_AERODIGESTIVE_TRACT,neg,ACH-000238
BRD9,EBC1_LUNG,neg,ACH-000563
BRD9,GI1_CENTRAL_NERVOUS_SYSTEM,pos,ACH-000756
BRD9,HCC1954_BREAST,pos,ACH-000859
BRD9,HCC44_LUNG,neg,ACH-000667
BRD9,NCIH1437_LUNG,pos,ACH-000589
SIT1,EFM19_BREAST,neg,ACH-000330
SIT1,MKN74_STOMACH,neg,ACH-000758
SIT1,NCIH23_LUNG,neg,ACH-000900
C1orf112,NCIH1876_LUNG,neg,ACH-000586
RAB36,NCIH2286_LUNG,neg,ACH-000912
STAC,BT474_BREAST,pos,ACH-000927
STAC,EFM192A_BREAST,pos,ACH-000117
STAC,KMS11_HAEMATOPOIETIC_AND_LYMPHOID_TISSUE,neg,ACH-000714
STAC,MFE280_ENDOMETRIUM,pos,ACH-000192
STAC,MKN7_STOMACH,pos,ACH-000678
STAC,NCIN87_STOMACH,neg,ACH-000427
STAC,RMGI_OVARY,neg,ACH-000719
STAC,SUIT2_PANCREAS,neg,ACH-000652
STAC,UACC812_BREAST,pos,ACH-000568
DIDO1,UACC893_BREAST,pos,ACH-000554
FAHD2B,HCC1569_BREAST,neg,ACH-000930
FAHD2B,NCIH23_LUNG,neg,ACH-000900
NDUFS6,EBC1_LUNG,neg,ACH-000563
NDUFS6,GI1_CENTRAL_NERVOUS_SYSTEM,pos,ACH-000756
NDUFS6,HCC1954_BREAST,pos,ACH-000859
NDUFS6,NCIH1437_LUNG,pos,ACH-000589
SDHA,COLO201_LARGE_INTESTINE,pos,ACH-000253
SDHA,EBC1_LUNG,neg,ACH-000563
SDHA,EFO21_OVARY,neg,ACH-000308
SDHA,FUOV1_OVARY,pos,ACH-000574
SDHA,GI1_CENTRAL_NERVOUS_SYSTEM,pos,ACH-000756
SDHA,HCC1954_BREAST,pos,ACH-000859
SDHA,HS746T_STOMACH,pos,ACH-000616
SDHA,KLE_ENDOMETRIUM,neg,ACH-000293
SDHA,KYSE30_OESOPHAGUS,pos,ACH-000777
SDHA,LC1F_LUNG,neg,ACH-000705
SDHA,MDAMB453_BREAST,pos,ACH-000910
SDHA,MKN1_STOMACH,neg,ACH-000351
SDHA,NCIH1436_LUNG,neg,ACH-000830
SDHA,NCIH1437_LUNG,pos,ACH-000589
SDHA,NCIH2066_LUNG,pos,ACH-000727
SDHA,NCIH2227_LUNG,neg,ACH-000610
SDHA,SCC4_UPPER_AERODIGESTIVE_TRACT,neg,ACH-000238
SDHA,SNU119_OVARY,neg,ACH-000635
SDHA,TE5_OESOPHAGUS,neg,ACH-000408
CNTFR,EFM19_BREAST,neg,ACH-000330
CNTFR,MDAMB361_BREAST,neg,ACH-000934
CNTFR,MKN74_STOMACH,neg,ACH-000758
CNTFR,NCIH1651_LUNG,neg,ACH-000893
CNTFR,NCIH23_LUNG,neg,ACH-000900
NUDT1,HCC1599_BREAST,neg,ACH-000196
NUDT1,HCC2157_BREAST,neg,ACH-000691
NUDT1,KLE_ENDOMETRIUM,neg,ACH-000293
NUDT1,MKN1_STOMACH,neg,ACH-000351
NUDT1,NCIH1437_LUNG,neg,ACH-000589
NUDT1,NCIH157DM_LUNG,neg,ACH-000610
NUDT1,NCIH2227_LUNG,neg,ACH-000767
NUDT1,NCIH526_LUNG,neg,ACH-000001
NUDT1,NIHOVCAR3_OVARY,neg,ACH-000090
NUDT1,PC3_PROSTATE,pos,ACH-000867
RPAP3,CHAGOK1_LUNG,neg,ACH-000698
RPAP3,DMS53_LUNG,neg,ACH-000293
RPAP3,KLE_ENDOMETRIUM,neg,ACH-000021
RPAP3,NCIH1693_LUNG,pos,ACH-000870
RPAP3,NCIH1930_LUNG,neg,ACH-000756
EXOC3,GI1_CENTRAL_NERVOUS_SYSTEM,pos,ACH-000667
EXOC3,HCC44_LUNG,neg,ACH-000844
CTBP2,DMS454_LUNG,neg,ACH-000276
CTBP2,HCC38_BREAST,neg,ACH-000608
FRS2,COV644_OVARY,neg,ACH-000347
FRS2,QGP1_PANCREAS,neg,ACH-000927
PGR,BT474_BREAST,neg,ACH-000207
PGR,DETROIT562_UPPER_AERODIGESTIVE_TRACT,neg,ACH-000906
PGR,ES2_OVARY,pos,ACH-000614
PGR,RVH421_SKIN,neg,ACH-000839
PGR,SCABER_URINARY_TRACT,neg,ACH-000647
PGR,TE1_OESOPHAGUS,pos,ACH-000792
GAL,BFTC909_KIDNEY,neg,ACH-000927
GAL,BT474_BREAST,pos,ACH-000009
GAL,C2BBE1_LARGE_INTESTINE,neg,ACH-000783
GAL,CAMA1_BREAST,pos,ACH-000382
GAL,CORL24_LUNG,neg,ACH-000530
GAL,DMS114_LUNG,pos,ACH-000530
GAL,DMS114_LUNG,neg,ACH-000844
GAL,DMS454_LUNG,neg,ACH-000698
GAL,DMS53_LUNG,pos,ACH-000563
GAL,EBC1_LUNG,neg,ACH-000117
GAL,EFM192A_BREAST,pos,ACH-000846
GAL,FADU_UPPER_AERODIGESTIVE_TRACT,neg,ACH-000574
GAL,FUOV1_OVARY,pos,ACH-000277
GAL,HCC1419_BREAST,pos,ACH-000277
GAL,HCC1419_BREAST,pos,ACH-000196
GAL,HCC1599_BREAST,neg,ACH-000725
GAL,HCC202_BREAST,neg,ACH-000515
GAL,HCC33_LUNG,pos,ACH-000012
GAL,HCC827_LUNG,pos,ACH-000012
GAL,HCC827_LUNG,neg,ACH-000643
GAL,HDQP1_BREAST,neg,ACH-000616
GAL,HS746T_STOMACH,neg,ACH-000848
GAL,JHH7_LIVER,pos,ACH-000848
GAL,JHH7_LIVER,neg,ACH-000132
GAL,JHOS2_OVARY,neg,ACH-000293
GAL,KLE_ENDOMETRIUM,neg,ACH-000714
GAL,KMS11_HAEMATOPOIETIC_AND_LYMPHOID_TISSUE,neg,ACH-000714
GAL,KMS11_HAEMATOPOIETIC_AND_LYMPHOID_TISSUE,neg,ACH-000486
GAL,KU1919_URINARY_TRACT,neg,ACH-000486
GAL,KU1919_URINARY_TRACT,neg,ACH-000693
GAL,KYSE180_OESOPHAGUS,neg,ACH-000809
GAL,KYSE410_OESOPHAGUS,neg,ACH-000759
GAL,MDAMB175VII_BREAST,pos,ACH-000934
GAL,MDAMB361_BREAST,neg,ACH-000351
GAL,MKN1_STOMACH,pos,ACH-000758
GAL,MKN74_STOMACH,neg,ACH-000893
GAL,NCIH1651_LUNG,neg,ACH-000893
GAL,NCIH1651_LUNG,neg,ACH-000496
GAL,NCIH1792_LUNG,neg,ACH-000521
GAL,NCIH2030_LUNG,neg,ACH-000610
GAL,NCIH2227_LUNG,neg,ACH-000900
GAL,NCIH23_LUNG,neg,ACH-000871
GAL,NCIH510_LUNG,pos,ACH-000395
GAL,NCIH520_LUNG,neg,ACH-000853
GAL,NCIH661_LUNG,neg,ACH-000001
GAL,NIHOVCAR3_OVARY,neg,ACH-000409
GAL,OVSAHO_OVARY,neg,ACH-000164
GAL,PANC1_PANCREAS,neg,ACH-000473
GAL,RT112_URINARY_TRACT,neg,ACH-000238
GAL,SCC4_UPPER_AERODIGESTIVE_TRACT,neg,ACH-000400
GAL,SKCO1_LARGE_INTESTINE,neg,ACH-000635
GAL,SNU119_OVARY,neg,ACH-000635
GAL,SNU119_OVARY,neg,ACH-000635
GAL,SNU119_OVARY,neg,ACH-000483
GAL,SNU182_LIVER,pos,ACH-000478
GAL,SNU387_LIVER,neg,ACH-000422
GAL,SNU475_LIVER,pos,ACH-000652
GAL,SUIT2_PANCREAS,neg,ACH-000163
GAL,SW579_THYROID,neg,ACH-000146
GAL,THP1_HAEMATOPOIETIC_AND_LYMPHOID_TISSUE,pos,ACH-000545
GAL,VMCUB1_URINARY_TRACT,neg,ACH-000008
BCR,A101D_SKIN,neg,ACH-000867
BCR,CHAGOK1_LUNG,neg,ACH-000014
BCR,HS294T_SKIN,neg,ACH-000758
BCR,MKN74_STOMACH,neg,ACH-000021
BCR,NCIH1693_LUNG,neg,ACH-000912
BCR,NCIH2286_LUNG,neg,ACH-000291
BCR,OV90_OVARY,pos,ACH-000291
BCR,OV90_OVARY,neg,ACH-000483
BCR,SNU182_LIVER,neg,ACH-000647
BCR,TE1_OESOPHAGUS,neg,ACH-000832
PTX3,CAL27_UPPER_AERODIGESTIVE_TRACT,neg,ACH-000253
EYA4,COLO201_LARGE_INTESTINE,neg,ACH-000635
EYA4,SNU119_OVARY,neg,ACH-000530
STAU1,DMS114_LUNG,neg,ACH-000563
SLC25A21,EBC1_LUNG,pos,ACH-000739
SLC25A21,HEPG2_LIVER,neg,ACH-000893
SLC25A21,NCIH1651_LUNG,neg,ACH-000554
SLC25A21,UACC893_BREAST,neg,ACH-000400
LEPROTL1,SKCO1_LARGE_INTESTINE,neg,ACH-000364
LEPROTL1,U2OS_BONE,neg,ACH-000563
ARHGAP11A,EBC1_LUNG,neg,ACH-000635
BCL2L15,SNU119_OVARY,neg,ACH-000568
BCL2L15,UACC812_BREAST,pos,ACH-000276
IGF1,HCC38_BREAST,neg,ACH-000865
IGF1,KYSE450_OESOPHAGUS,neg,ACH-000525
GNB3,NCIH2171_LUNG,pos,ACH-000563
CCDC17,EBC1_LUNG,pos,ACH-000846
CCDC17,FADU_UPPER_AERODIGESTIVE_TRACT,neg,ACH-000843
CCDC17,HARA_LUNG,neg,ACH-000005
CCDC17,HEL9217_HAEMATOPOIETIC_AND_LYMPHOID_TISSUE,neg,ACH-000355
CCDC17,NCIH82_LUNG,pos,ACH-000144
CCDC17,RERFGC1B_STOMACH,neg,ACH-000144
CCDC17,RERFGC1B_STOMACH,pos,ACH-000382
DCDC2B,CORL24_LUNG,neg,ACH-000330
TMEM190,EFM19_BREAST,neg,ACH-000930
XPO5,HCC1569_BREAST,neg,ACH-000679
XPO5,OE19_OESOPHAGUS,neg,ACH-000867
CCDC152,CHAGOK1_LUNG,neg,ACH-000739
GZMH,HEPG2_LIVER,neg,ACH-000554
GZMH,UACC893_BREAST,neg,ACH-000792
TTLL10,BFTC909_KIDNEY,neg,ACH-000844
TTLL10,DMS454_LUNG,neg,ACH-000515
TTLL10,HCC33_LUNG,pos,ACH-000659
TTLL10,SCLC21H_LUNG,pos,ACH-000382
TCTEX1D4,CORL24_LUNG,neg,ACH-000395
TCTEX1D4,NCIH520_LUNG,neg,ACH-000238
BET1,SCC4_UPPER_AERODIGESTIVE_TRACT,neg,ACH-000408
BET1,TE5_OESOPHAGUS,neg,ACH-000832
PAM,CAL27_UPPER_AERODIGESTIVE_TRACT,neg,ACH-000243
PAM,DANG_PANCREAS,neg,ACH-000207
PAM,DETROIT562_UPPER_AERODIGESTIVE_TRACT,neg,ACH-000530
PAM,DMS114_LUNG,neg,ACH-000843
PAM,HARA_LUNG,neg,ACH-000454
PAM,HCC95_LUNG,pos,ACH-000144
PAM,RERFGC1B_STOMACH,pos,ACH-000581
PAM,SNU16_STOMACH,pos,ACH-000496
LPXN,NCIH1792_LUNG,neg,ACH-000408
LPXN,TE5_OESOPHAGUS,neg,ACH-000520
LYN,59M_OVARY,pos,ACH-000643
LYN,HDQP1_BREAST,neg,ACH-000351
LYN,MKN1_STOMACH,neg,ACH-000635
LYN,SNU119_OVARY,neg,ACH-000293
LRFN1,KLE_ENDOMETRIUM,neg,ACH-000853
LRFN1,NCIH661_LUNG,neg,ACH-000001
LRFN1,NIHOVCAR3_OVARY,neg,ACH-000164
LRFN1,PANC1_PANCREAS,neg,ACH-000023
LRFN1,PATU8988T_PANCREAS,neg,ACH-000530
PTPRCAP,DMS114_LUNG,pos,ACH-000846
PTPRCAP,FADU_UPPER_AERODIGESTIVE_TRACT,neg,ACH-000486
PTPRCAP,KU1919_URINARY_TRACT,neg,ACH-000693
PTPRCAP,KYSE180_OESOPHAGUS,neg,ACH-000678
PTPRCAP,MKN7_STOMACH,pos,ACH-000496
PTPRCAP,NCIH1792_LUNG,neg,ACH-000587
PTPRCAP,NCIH1975_LUNG,neg,ACH-000900
PTPRCAP,NCIH23_LUNG,neg,ACH-000478
PTPRCAP,SNU387_LIVER,neg,ACH-000422
PTPRCAP,SNU475_LIVER,pos,ACH-000545
PTPRCAP,VMCUB1_URINARY_TRACT,neg,ACH-000009
TMEM199,C2BBE1_LARGE_INTESTINE,neg,ACH-000264
TMEM199,CALU6_LUNG,neg,ACH-000809
TMEM199,KYSE410_OESOPHAGUS,pos,ACH-000536
MARCKS,BT20_BREAST,neg,ACH-000382
MARCKS,CORL24_LUNG,neg,ACH-000330
KCNMA1,EFM19_BREAST,pos,ACH-000691
KCNMA1,HCC2157_BREAST,neg,ACH-000409
KCNMA1,OVSAHO_OVARY,neg,ACH-000536
PSRC1,BT20_BREAST,pos,ACH-000783
PSRC1,CAMA1_BREAST,neg,ACH-000714
PSRC1,KMS11_HAEMATOPOIETIC_AND_LYMPHOID_TISSUE,neg,ACH-000839
PSRC1,SCABER_URINARY_TRACT,neg,ACH-000635
PSRC1,SNU119_OVARY,neg,ACH-000243
CFTR,DANG_PANCREAS,neg,ACH-000563
CFTR,EBC1_LUNG,neg,ACH-000616
CFTR,HS746T_STOMACH,pos,ACH-000356
CFTR,MKN45_STOMACH,pos,ACH-000409
CFTR,OVSAHO_OVARY,neg,ACH-000867
SLMO2,CHAGOK1_LUNG,neg,ACH-000277
SLMO2,HCC1419_BREAST,pos,ACH-000352
SLMO2,HCC1428_BREAST,neg,ACH-000859
SLMO2,HCC1954_BREAST,pos,ACH-000554
SLMO2,UACC893_BREAST,pos,ACH-000309
DHX35,SKLU1_LUNG,neg,ACH-000927
GRB7,BT474_BREAST,pos,ACH-000117
GRB7,EFM192A_BREAST,pos,ACH-000277
GRB7,HCC1419_BREAST,pos,ACH-000930
GRB7,HCC1569_BREAST,pos,ACH-000859
GRB7,HCC1954_BREAST,neg,ACH-000725
GRB7,HCC202_BREAST,pos,ACH-000809
GRB7,KYSE410_OESOPHAGUS,pos,ACH-000934
GRB7,MDAMB361_BREAST,neg,ACH-000910
GRB7,MDAMB453_BREAST,neg,ACH-000192
GRB7,MFE280_ENDOMETRIUM,pos,ACH-000678
GRB7,MKN7_STOMACH,pos,ACH-000021
GRB7,NCIH1693_LUNG,neg,ACH-000481
GRB7,NCIH2170_LUNG,pos,ACH-000427
GRB7,NCIN87_STOMACH,neg,ACH-000679
GRB7,OE19_OESOPHAGUS,pos,ACH-000719
GRB7,RMGI_OVARY,neg,ACH-000568
GRB7,UACC812_BREAST,pos,ACH-000554
GRB7,UACC893_BREAST,pos,ACH-000009
POLDIP2,C2BBE1_LARGE_INTESTINE,neg,ACH-000264
POLDIP2,CALU6_LUNG,neg,ACH-000809
POLDIP2,KYSE410_OESOPHAGUS,pos,ACH-000594
NKAIN1,DMS153_LUNG,neg,ACH-000192
NKAIN1,MFE280_ENDOMETRIUM,pos,ACH-000927
ZFP64,BT474_BREAST,pos,ACH-000117
ZFP64,EFM192A_BREAST,pos,ACH-000382
SPN,CORL24_LUNG,neg,ACH-000243
SPN,DANG_PANCREAS,neg,ACH-000616
SPN,HS746T_STOMACH,neg,ACH-000293
SPN,KLE_ENDOMETRIUM,pos,ACH-000351
SPN,MKN1_STOMACH,pos,ACH-000514
SPN,NCIH1092_LUNG,neg,ACH-000399
SPN,NCIH2196_LUNG,neg,ACH-000853
SPN,NCIH661_LUNG,neg,ACH-000416
SPN,NCIH838_LUNG,neg,ACH-000001
SPN,NIHOVCAR3_OVARY,neg,ACH-000505
SPN,RKN_SOFT_TISSUE,neg,ACH-000764
SPN,SH10TC_STOMACH,neg,ACH-000400
SPN,SKCO1_LARGE_INTESTINE,neg,ACH-000842
SPN,SW480_LARGE_INTESTINE,neg,ACH-000343
RNF144B,NCIH522_LUNG,neg,ACH-000617
RNF144B,OVCAR4_OVARY,pos,ACH-000927
PSMD3,BT474_BREAST,pos,ACH-000117
PSMD3,EFM192A_BREAST,pos,ACH-000859
PSMD3,HCC1954_BREAST,neg,ACH-000192
PSMD3,MFE280_ENDOMETRIUM,pos,ACH-000021
PSMD3,NCIH1693_LUNG,neg,ACH-000719
PSMD3,RMGI_OVARY,neg,ACH-000568
PSMD3,UACC812_BREAST,pos,ACH-000554
PSMD3,UACC893_BREAST,pos,ACH-000349
SERPINB1,HCC1500_BREAST,pos,ACH-000927
ERBB2,BT474_BREAST,pos,ACH-000117
ERBB2,EFM192A_BREAST,pos,ACH-000277
ERBB2,HCC1419_BREAST,pos,ACH-000930
ERBB2,HCC1569_BREAST,pos,ACH-000859
ERBB2,HCC1954_BREAST,neg,ACH-000725
ERBB2,HCC202_BREAST,pos,ACH-000809
ERBB2,KYSE410_OESOPHAGUS,pos,ACH-000934
ERBB2,MDAMB361_BREAST,neg,ACH-000910
ERBB2,MDAMB453_BREAST,neg,ACH-000192
ERBB2,MFE280_ENDOMETRIUM,pos,ACH-000678
ERBB2,MKN7_STOMACH,pos,ACH-000021
ERBB2,NCIH1693_LUNG,neg,ACH-000481
ERBB2,NCIH2170_LUNG,pos,ACH-000427
ERBB2,NCIN87_STOMACH,neg,ACH-000679
ERBB2,OE19_OESOPHAGUS,pos,ACH-000719
ERBB2,RMGI_OVARY,neg,ACH-000811
ERBB2,SKOV3_OVARY,pos,ACH-000568
ERBB2,UACC812_BREAST,pos,ACH-000554
ERBB2,UACC893_BREAST,pos,ACH-000691
HKDC1,HCC2157_BREAST,neg,ACH-000496
C2orf74,NCIH1792_LUNG,neg,ACH-000248
ATAD2,AU565_BREAST,pos,ACH-000608
ATAD2,COV644_OVARY,pos,ACH-000117
ATAD2,EFM192A_BREAST,pos,ACH-000277
ATAD2,HCC1419_BREAST,pos,ACH-000847
ATAD2,HGC27_STOMACH,pos,ACH-000351
ATAD2,MKN1_STOMACH,neg,ACH-000589
ATAD2,NCIH1437_LUNG,neg,ACH-000431
ATAD2,NCIH1694_LUNG,neg,ACH-000900
ATAD2,NCIH23_LUNG,neg,ACH-001318
ATAD2,PLCPRF5_LIVER,neg,ACH-000635
ATAD2,SNU119_OVARY,neg,ACH-000927
USP1,BT474_BREAST,pos,ACH-000278
USP1,COV362_OVARY,neg,ACH-000330
USP1,EFM19_BREAST,pos,ACH-000725
USP1,HCC202_BREAST,pos,ACH-000691
USP1,HCC2157_BREAST,neg,ACH-000507
USP1,KE39_STOMACH,neg,ACH-000784
USP1,KYSE70_OESOPHAGUS,neg,ACH-000586
USP1,NCIH1876_LUNG,neg,ACH-000521
USP1,NCIH2030_LUNG,neg,ACH-000001
USP1,NIHOVCAR3_OVARY,neg,ACH-000409
USP1,OVSAHO_OVARY,neg,ACH-000090
USP1,PC3_PROSTATE,pos,ACH-000248
MTBP,AU565_BREAST,pos,ACH-000117
MTBP,EFM192A_BREAST,pos,ACH-000277
MTBP,HCC1419_BREAST,pos,ACH-000635
MTBP,SNU119_OVARY,neg,ACH-000608
CNOT2,COV644_OVARY,neg,ACH-000347
CNOT2,QGP1_PANCREAS,neg,ACH-000163
SUN1,SW579_THYROID,neg,ACH-000187
CARD16,CORL311_LUNG,pos,ACH-000248
DSCC1,AU565_BREAST,pos,ACH-000117
DSCC1,EFM192A_BREAST,pos,ACH-000277
DSCC1,HCC1419_BREAST,pos,ACH-000635
DSCC1,SNU119_OVARY,neg,ACH-000927
MORN5,BT474_BREAST,neg,ACH-000698
RACGAP1,DMS53_LUNG,neg,ACH-000666
RACGAP1,NCIH1355_LUNG,pos,ACH-000870
RACGAP1,NCIH1930_LUNG,neg,ACH-000792
PDCD1,BFTC909_KIDNEY,neg,ACH-000846
PDCD1,FADU_UPPER_AERODIGESTIVE_TRACT,neg,ACH-000005
PDCD1,HEL9217_HAEMATOPOIETIC_AND_LYMPHOID_TISSUE,neg,ACH-000705
PDCD1,LC1F_LUNG,neg,ACH-000536
FKBP9,BT20_BREAST,neg,ACH-000637
FKBP9,KYSE520_OESOPHAGUS,pos,ACH-000277
ZNF831,HCC1419_BREAST,pos,ACH-000352
ZNF831,HCC1428_BREAST,neg,ACH-000859
ZNF831,HCC1954_BREAST,pos,ACH-000554
ZNF831,UACC893_BREAST,pos,ACH-000554
ARFGAP1,UACC893_BREAST,pos,ACH-000809
SDF2,KYSE410_OESOPHAGUS,pos,ACH-000192
SDF2,MFE280_ENDOMETRIUM,neg,ACH-000912
SDF2,NCIH2286_LUNG,neg,ACH-000483
SDF2,SNU182_LIVER,neg,ACH-000647
SDF2,TE1_OESOPHAGUS,neg,ACH-000053
PPP5C,KARPAS299_HAEMATOPOIETIC_AND_LYMPHOID_TISSUE,neg,ACH-000705
ZBBX,LC1F_LUNG,neg,ACH-000253
MUC20,COLO201_LARGE_INTESTINE,pos,ACH-000308
MUC20,EFO21_OVARY,neg,ACH-000574
MUC20,FUOV1_OVARY,pos,ACH-000777
MUC20,KYSE30_OESOPHAGUS,pos,ACH-000705
MUC20,LC1F_LUNG,neg,ACH-000910
MUC20,MDAMB453_BREAST,pos,ACH-000830
MUC20,NCIH1436_LUNG,neg,ACH-000727
MUC20,NCIH2066_LUNG,pos,ACH-000635
MUC20,SNU119_OVARY,neg,ACH-000293
MAP4K1,KLE_ENDOMETRIUM,neg,ACH-000853
MAP4K1,NCIH661_LUNG,neg,ACH-000001
MAP4K1,NIHOVCAR3_OVARY,neg,ACH-000164
MAP4K1,PANC1_PANCREAS,neg,ACH-000784
ARMC4,KYSE70_OESOPHAGUS,neg,ACH-000021
ARMC4,NCIH1693_LUNG,pos,ACH-000308
MUC4,EFO21_OVARY,neg,ACH-000574
MUC4,FUOV1_OVARY,pos,ACH-000705
MUC4,LC1F_LUNG,neg,ACH-000910
MUC4,MDAMB453_BREAST,pos,ACH-000635
MUC4,SNU119_OVARY,neg,ACH-000714
CD6,KMS11_HAEMATOPOIETIC_AND_LYMPHOID_TISSUE,neg,ACH-000292
CD6,NCIH841_LUNG,neg,ACH-000483
CD6,SNU182_LIVER,neg,ACH-000163
CD6,SW579_THYROID,pos,ACH-000867
TUBB,CHAGOK1_LUNG,neg,ACH-000277
TUBB,HCC1419_BREAST,pos,ACH-000352
TUBB,HCC1428_BREAST,neg,ACH-000859
TUBB,HCC1954_BREAST,pos,ACH-000554
TUBB,UACC893_BREAST,pos,ACH-000293
WDR62,KLE_ENDOMETRIUM,neg,ACH-000351
WDR62,MKN1_STOMACH,neg,ACH-000610
WDR62,NCIH2227_LUNG,neg,ACH-000905
FANCD2,5637_URINARY_TRACT,pos,ACH-000144
FANCD2,RERFGC1B_STOMACH,neg,ACH-000705
IGF2BP2,LC1F_LUNG,neg,ACH-000481
SIKE1,NCIH2170_LUNG,neg,ACH-000635
SIKE1,SNU119_OVARY,neg,ACH-000900
ADRA2B,NCIH23_LUNG,neg,ACH-000276
WWP2,HCC38_BREAST,neg,ACH-000293
DLL3,KLE_ENDOMETRIUM,neg,ACH-000853
DLL3,NCIH661_LUNG,neg,ACH-000001
DLL3,NIHOVCAR3_OVARY,neg,ACH-000164
DLL3,PANC1_PANCREAS,neg,ACH-000691
PNPLA1,HCC2157_BREAST,neg,ACH-000343
PNPLA1,NCIH522_LUNG,neg,ACH-000053
THEM5,KARPAS299_HAEMATOPOIETIC_AND_LYMPHOID_TISSUE,pos,ACH-000714
THEM5,KMS11_HAEMATOPOIETIC_AND_LYMPHOID_TISSUE,neg,ACH-000769
THEM5,LK2_LUNG,neg,ACH-000589
THEM5,NCIH1437_LUNG,neg,ACH-000192
MSL1,MFE280_ENDOMETRIUM,pos,ACH-000021
MSL1,NCIH1693_LUNG,neg,ACH-000568
MSL1,UACC812_BREAST,pos,ACH-000554
MSL1,UACC893_BREAST,pos,ACH-000792
CD27,BFTC909_KIDNEY,neg,ACH-000846
CD27,FADU_UPPER_AERODIGESTIVE_TRACT,neg,ACH-000005
CD27,HEL9217_HAEMATOPOIETIC_AND_LYMPHOID_TISSUE,neg,ACH-000525
CD27,NCIH2171_LUNG,pos,ACH-000247
CD27,OCUM1_STOMACH,neg,ACH-000008
DGCR2,A101D_SKIN,neg,ACH-000014
DGCR2,HS294T_SKIN,neg,ACH-000021
DGCR2,NCIH1693_LUNG,neg,ACH-000647
DGCR2,TE1_OESOPHAGUS,neg,ACH-000727
SNRPD1,NCIH2066_LUNG,neg,ACH-000643
RASAL3,HDQP1_BREAST,neg,ACH-000927
IGF2BP1,BT474_BREAST,pos,ACH-000117
IGF2BP1,EFM192A_BREAST,pos,ACH-000277
IGF2BP1,HCC1419_BREAST,pos,ACH-000347
HMGA2,QGP1_PANCREAS,pos,ACH-000454
KIF14,HCC95_LUNG,neg,ACH-000725
RP9,HCC202_BREAST,neg,ACH-000001
RP9,NIHOVCAR3_OVARY,neg,ACH-000030
RP9,PC14_LUNG,neg,ACH-000395
AKR1A1,NCIH520_LUNG,neg,ACH-000009
KRT1,C2BBE1_LARGE_INTESTINE,neg,ACH-000848
KRT1,JHH7_LIVER,neg,ACH-000777
KRT1,KYSE30_OESOPHAGUS,neg,ACH-000809
KRT1,KYSE410_OESOPHAGUS,pos,ACH-000679
KRT1,OE19_OESOPHAGUS,pos,ACH-000473
KRT1,RT112_URINARY_TRACT,neg,ACH-000614
KRT1,RVH421_SKIN,pos,ACH-000483
KRT1,SNU182_LIVER,pos,ACH-000293
SBSN,KLE_ENDOMETRIUM,neg,ACH-000351
SBSN,MKN1_STOMACH,neg,ACH-000610
SBSN,NCIH2227_LUNG,neg,ACH-000843
DSG1,HARA_LUNG,neg,ACH-000536
RSPH4A,BT20_BREAST,neg,ACH-000298
RSPH4A,NCIH2029_LUNG,pos,ACH-000292
KCTD11,NCIH841_LUNG,neg,ACH-000536
LSR,BT20_BREAST,pos,ACH-000783
LSR,CAMA1_BREAST,neg,ACH-000846
LSR,FADU_UPPER_AERODIGESTIVE_TRACT,neg,ACH-000196
LSR,HCC1599_BREAST,neg,ACH-000293
LSR,KLE_ENDOMETRIUM,neg,ACH-000714
LSR,KMS11_HAEMATOPOIETIC_AND_LYMPHOID_TISSUE,neg,ACH-000351
LSR,MKN1_STOMACH,neg,ACH-000610
LSR,NCIH2227_LUNG,neg,ACH-000839
LSR,SCABER_URINARY_TRACT,neg,ACH-000635
LSR,SNU119_OVARY,neg,ACH-000238
GATAD1,SCC4_UPPER_AERODIGESTIVE_TRACT,neg,ACH-000408
GATAD1,TE5_OESOPHAGUS,neg,ACH-000857
SLC39A2,CAL851_BREAST,neg,ACH-000382
C1orf210,CORL24_LUNG,neg,ACH-000871
C1orf210,NCIH510_LUNG,pos,ACH-000525
SCNN1A,NCIH2171_LUNG,pos,ACH-000293
NCCRP1,KLE_ENDOMETRIUM,neg,ACH-000853
NCCRP1,NCIH661_LUNG,neg,ACH-000001
NCCRP1,NIHOVCAR3_OVARY,neg,ACH-000164
NCCRP1,PANC1_PANCREAS,neg,ACH-000023
NCCRP1,PATU8988T_PANCREAS,neg,ACH-000574
PRSS22,FUOV1_OVARY,neg,ACH-000525
CD163,NCIH2171_LUNG,pos,ACH-000349
MTHFD2,HCC1500_BREAST,neg,ACH-000277
CHMP4C,HCC1419_BREAST,pos,ACH-000507
CHMP4C,KE39_STOMACH,neg,ACH-000192
ESRP2,MFE280_ENDOMETRIUM,neg,ACH-000586
TMEM79,NCIH1876_LUNG,neg,ACH-000900
TMEM79,NCIH23_LUNG,neg,ACH-000725
SPINT2,HCC202_BREAST,neg,ACH-000293
SPINT2,KLE_ENDOMETRIUM,neg,ACH-000853
SPINT2,NCIH661_LUNG,neg,ACH-000001
SPINT2,NIHOVCAR3_OVARY,neg,ACH-000192
RAB25,MFE280_ENDOMETRIUM,neg,ACH-000586
RAB25,NCIH1876_LUNG,neg,ACH-000900
RAB25,NCIH23_LUNG,neg,ACH-000867
SIGLEC1,CHAGOK1_LUNG,neg,ACH-000563
SIGLEC1,EBC1_LUNG,neg,ACH-000843
SIGLEC1,HARA_LUNG,neg,ACH-000400
SIGLEC1,SKCO1_LARGE_INTESTINE,neg,ACH-000009
IFT20,C2BBE1_LARGE_INTESTINE,neg,ACH-000809
IFT20,KYSE410_OESOPHAGUS,pos,ACH-000408
MS4A6A,TE5_OESOPHAGUS,neg,ACH-000586
FCGR3A,NCIH1876_LUNG,neg,ACH-000053
ELF3,KARPAS299_HAEMATOPOIETIC_AND_LYMPHOID_TISSUE,pos,ACH-000714
ELF3,KMS11_HAEMATOPOIETIC_AND_LYMPHOID_TISSUE,neg,ACH-000769
ELF3,LK2_LUNG,neg,ACH-000589
ELF3,NCIH1437_LUNG,neg,ACH-000483
PRSS8,SNU182_LIVER,pos,ACH-000188
FOLR2,SCC25_UPPER_AERODIGESTIVE_TRACT,neg,ACH-000238
FOLR2,SCC4_UPPER_AERODIGESTIVE_TRACT,neg,ACH-000810
FOLR2,SKMEL30_SKIN,neg,ACH-000730
FOLR2,SKMEL5_SKIN,neg,ACH-000719
CBLC,RMGI_OVARY,neg,ACH-000483
MS4A7,SNU182_LIVER,neg,ACH-000408
MS4A7,TE5_OESOPHAGUS,neg,ACH-000844
MPP1,DMS454_LUNG,neg,ACH-000910
MPP1,MDAMB453_BREAST,pos,ACH-000238
MPP1,SCC4_UPPER_AERODIGESTIVE_TRACT,neg,ACH-000665
MPP1,SKMES1_LUNG,neg,ACH-000047
GRHL2,GCIY_STOMACH,pos,ACH-000859
GRHL2,HCC1954_BREAST,neg,ACH-000019
GRHL2,MCF7_BREAST,pos,ACH-000408
MS4A4A,TE5_OESOPHAGUS,neg,ACH-000292
CLDN7,NCIH841_LUNG,neg,ACH-000481
CSDE1,NCIH2170_LUNG,neg,ACH-000635
CSDE1,SNU119_OVARY,neg,ACH-000536
C1orf194,BT20_BREAST,pos,ACH-000783
C1orf194,CAMA1_BREAST,neg,ACH-000839
C1orf194,SCABER_URINARY_TRACT,neg,ACH-000635
C1orf194,SNU119_OVARY,neg,ACH-000749
HORMAD1,DMS273_LUNG,neg,ACH-000053
HORMAD1,KARPAS299_HAEMATOPOIETIC_AND_LYMPHOID_TISSUE,pos,ACH-000769
HORMAD1,LK2_LUNG,neg,ACH-000589
HORMAD1,NCIH1437_LUNG,neg,ACH-000163
KLRB1,SW579_THYROID,pos,ACH-000400
LIPG,SKCO1_LARGE_INTESTINE,neg,ACH-000276
CD40LG,HCC38_BREAST,neg,ACH-000481
NRAS,NCIH2170_LUNG,neg,ACH-000635
NRAS,SNU119_OVARY,neg,ACH-000712
DR1,HCC1833_LUNG,neg,ACH-000793
DR1,KATOIII_STOMACH,pos,ACH-000839
DR1,SCABER_URINARY_TRACT,pos,ACH-000188
DR1,SCC25_UPPER_AERODIGESTIVE_TRACT,neg,ACH-000581
DR1,SNU16_STOMACH,pos,ACH-000277
LIME1,HCC1419_BREAST,pos,ACH-000536
GNAI3,BT20_BREAST,pos,ACH-000783
GNAI3,CAMA1_BREAST,neg,ACH-000714
GNAI3,KMS11_HAEMATOPOIETIC_AND_LYMPHOID_TISSUE,neg,ACH-000839
GNAI3,SCABER_URINARY_TRACT,neg,ACH-000635
GNAI3,SNU119_OVARY,neg,ACH-000783
CTTNBP2NL,CAMA1_BREAST,neg,ACH-000635
CTTNBP2NL,SNU119_OVARY,neg,ACH-000714
CD48,KMS11_HAEMATOPOIETIC_AND_LYMPHOID_TISSUE,neg,ACH-000188
RBMXL1,SCC25_UPPER_AERODIGESTIVE_TRACT,neg,ACH-000343
DEK,NCIH522_LUNG,neg,ACH-000698
MITD1,DMS53_LUNG,neg,ACH-000714
SLAMF7,KMS11_HAEMATOPOIETIC_AND_LYMPHOID_TISSUE,neg,ACH-000248
LY9,AU565_BREAST,pos,ACH-000012
LY9,HCC827_LUNG,pos,ACH-000714
LY9,KMS11_HAEMATOPOIETIC_AND_LYMPHOID_TISSUE,neg,ACH-000846
SNRPA1,FADU_UPPER_AERODIGESTIVE_TRACT,neg,
